studentId,class
1,7F
2,6B
3,2V
4,11M
5,10T
6,12J
7,9F
8,7K
9,2Y
10,6M
11,10Y
12,4L
13,1A
14,11H
15,4Y
16,8L
17,2N
18,5R
19,5U
20,8N
21,8B
22,6O
23,6Q
24,10Q
25,1R
26,11R
27,10T
28,10Y
29,8I
30,5Z
31,3M
32,5Z
33,7W
34,4A
35,5K
36,1P
37,8R
38,5N
39,12H
40,11J
41,2G
42,2Y
43,11D
44,6T
45,7C
46,1D
47,12Z
48,3A
49,3G
50,5I
51,9D
52,6U
53,6O
54,1R
55,4J
56,9J
57,2E
58,6G
59,1Z
60,12H
61,4N
62,12Y
63,6B
64,6G
65,9R
66,10G
67,10B
68,12W
69,3E
70,3X
71,4D
72,1M
73,8Q
74,12G
75,2K
76,3M
77,11X
78,11X
79,9L
80,2W
81,11V
82,8M
83,10D
84,8E
85,3C
86,11F
87,6P
88,4A
89,6O
90,3X
91,12M
92,10R
93,1R
94,11X
95,1G
96,12Z
97,11J
98,12L
99,7J
100,1U
101,11U
102,8I
103,5J
104,2A
105,12J
106,3E
107,8B
108,8U
109,4O
110,3E
111,2R
112,1O
113,6O
114,5E
115,7V
116,9Q
117,4O
118,9R
119,1P
120,10W
121,3Z
122,4N
123,4J
124,8W
125,1V
126,12D
127,7K
128,4M
129,3O
130,2M
131,12W
132,4U
133,10K
134,6C
135,4U
136,11U
137,12B
138,8Q
139,8L
140,10Y
141,11D
142,10B
143,5U
144,9L
145,5C
146,11V
147,10X
148,6H
149,12Y
150,11R
151,12M
152,5A
153,2H
154,10M
155,5I
156,9A
157,6D
158,10I
159,1L
160,11B
161,7N
162,3X
163,4Z
164,12V
165,8K
166,8S
167,5J
168,4V
169,8O
170,9Z
171,2Q
172,11Y
173,4P
174,10T
175,6A
176,4A
177,12M
178,4A
179,7F
180,10F
181,7A
182,11B
183,3N
184,7B
185,11T
186,5F
187,4T
188,2G
189,12B
190,6R
191,2K
192,11E
193,10L
194,5O
195,11D
196,11W
197,3C
198,8N
199,8Z
200,7G
201,5Q
202,8Q
203,6S
204,7B
205,4M
206,10K
207,2V
208,12D
209,7Z
210,12V
211,5U
212,12Q
213,9T
214,11G
215,9F
216,8P
217,7M
218,3B
219,10Y
220,10R
221,10W
222,12R
223,7T
224,11K
225,12P
226,1N
227,2B
228,7Y
229,6A
230,4N
231,4O
232,10H
233,7N
234,7D
235,1H
236,3C
237,10G
238,7F
239,3Y
240,10O
241,12M
242,9R
243,7Y
244,6H
245,5R
246,2Y
247,6P
248,12X
249,2B
250,11V
251,6M
252,3Z
253,5T
254,7X
255,5B
256,6H
257,8E
258,1D
259,2E
260,1F
261,12I
262,12G
263,1O
264,6P
265,1Q
266,2V
267,7G
268,9J
269,12C
270,11G
271,11K
272,12Q
273,12U
274,10F
275,2T
276,5R
277,6I
278,9Z
279,8E
280,1U
281,7I
282,11H
283,12D
284,7R
285,11C
286,12E
287,2D
288,10F
289,1O
290,8O
291,4S
292,6N
293,8K
294,4B
295,8H
296,1H
297,8G
298,1B
299,1R
300,9X
301,7W
302,7A
303,9M
304,12S
305,11G
306,7T
307,2I
308,4E
309,11U
310,9V
311,7B
312,10H
313,3K
314,4V
315,12V
316,11R
317,5H
318,5F
319,7H
320,5I
321,7I
322,5B
323,5T
324,3Z
325,3Z
326,4V
327,9L
328,9G
329,3U
330,12P
331,10A
332,9Z
333,2V
334,10E
335,4I
336,11W
337,2O
338,3E
339,10P
340,7R
341,4T
342,4V
343,3H
344,3I
345,1C
346,12V
347,8E
348,5Y
349,2W
350,4T
351,3X
352,4J
353,10L
354,11J
355,1F
356,2Z
357,2A
358,5U
359,1Z
360,6R
361,5K
362,12L
363,6Z
364,11V
365,9Z
366,8A
367,2W
368,9V
369,10U
370,11O
371,4K
372,10L
373,12E
374,2T
375,6Q
376,7J
377,2H
378,3S
379,11F
380,10N
381,10R
382,11I
383,4C
384,11O
385,7Q
386,5E
387,4B
388,8S
389,8E
390,11S
391,1Z
392,10K
393,11D
394,1D
395,3J
396,10J
397,4H
398,7M
399,5D
400,4N
401,6M
402,6F
403,5U
404,12A
405,12W
406,6H
407,10J
408,7S
409,5K
410,12V
411,12M
412,1X
413,10B
414,3V
415,1M
416,10A
417,9S
418,9W
419,12S
420,3K
421,9B
422,11D
423,4B
424,8G
425,11Y
426,9Q
427,3Q
428,2X
429,9A
430,2S
431,1L
432,5Y
433,9W
434,12K
435,1O
436,7F
437,9B
438,6H
439,11X
440,10W
441,5E
442,1Q
443,10C
444,8H
445,7G
446,7Q
447,12E
448,2Z
449,2H
450,10I
451,5Q
452,2I
453,9B
454,10E
455,7U
456,2X
457,1B
458,7Y
459,10L
460,3C
461,9X
462,3A
463,9N
464,3S
465,5L
466,8B
467,8P
468,2V
469,9H
470,1L
471,10V
472,9S
473,7J
474,8G
475,7X
476,4D
477,8Q
478,6I
479,4K
480,3B
481,3U
482,2G
483,3S
484,11Z
485,11O
486,4Z
487,8Q
488,9W
489,7N
490,11K
491,2O
492,3Z
493,7Z
494,2Q
495,6J
496,12X
497,3C
498,9F
499,7C
500,9F
501,3Z
502,5L
503,11I
504,7W
505,11A
506,6T
507,9D
508,10Y
509,3K
510,4Z
511,10O
512,1N
513,5F
514,11Y
515,12A
516,3O
517,4X
518,4H
519,6Q
520,11D
521,3E
522,12M
523,12E
524,3S
525,8N
526,12R
527,6B
528,6B
529,2H
530,12I
531,1C
532,6D
533,12C
534,10O
535,11K
536,11G
537,2N
538,6L
539,3H
540,8W
541,6Z
542,4D
543,10Z
544,1R
545,3B
546,1D
547,9J
548,6O
549,9J
550,4W
551,8X
552,9L
553,2M
554,3D
555,6V
556,1A
557,2P
558,4V
559,4M
560,11V
561,4W
562,6U
563,11S
564,11C
565,11R
566,5L
567,5W
568,6R
569,1M
570,5E
571,7X
572,12N
573,1W
574,3K
575,2Z
576,6A
577,1I
578,1E
579,3Y
580,3U
581,3B
582,5J
583,8T
584,7T
585,7U
586,5F
587,3E
588,12T
589,6X
590,8N
591,10Z
592,12Z
593,7C
594,8F
595,7A
596,11L
597,12S
598,3R
599,2K
600,5T
601,1P
602,2G
603,1A
604,8R
605,2I
606,6F
607,6D
608,4V
609,2X
610,3Q
611,8Z
612,7H
613,12Q
614,12N
615,5E
616,9M
617,12J
618,4N
619,5G
620,10H
621,10P
622,6L
623,6N
624,3I
625,7J
626,3D
627,11E
628,3M
629,7Z
630,12W
631,10U
632,9C
633,4Q
634,9S
635,2I
636,3X
637,3L
638,10M
639,12B
640,12E
641,7X
642,9Y
643,9F
644,1W
645,4Z
646,3X
647,1U
648,4S
649,8E
650,8Y
651,2I
652,4H
653,1C
654,11O
655,11H
656,1C
657,3T
658,4G
659,12Q
660,8L
661,12U
662,8F
663,3Q
664,9M
665,7X
666,12J
667,8E
668,4F
669,11Y
670,4Z
671,2F
672,11S
673,9J
674,2L
675,12S
676,9K
677,7S
678,11O
679,4F
680,11X
681,8T
682,11W
683,2O
684,6Z
685,7U
686,5Y
687,3O
688,8M
689,5W
690,1K
691,4Y
692,10C
693,2P
694,3Z
695,6X
696,3S
697,11B
698,8R
699,4B
700,3P
701,1X
702,1D
703,6L
704,2N
705,7O
706,5W
707,4U
708,12A
709,3K
710,3K
711,12G
712,9V
713,9C
714,11M
715,8V
716,9X
717,2A
718,11C
719,12U
720,4K
721,12I
722,2R
723,7B
724,10J
725,3B
726,2C
727,12H
728,5L
729,2I
730,9S
731,9L
732,10U
733,2L
734,4T
735,1A
736,1W
737,6U
738,12Z
739,4A
740,12Y
741,9G
742,11C
743,5O
744,4L
745,2A
746,8K
747,8R
748,2G
749,7Z
750,10P
751,3P
752,3L
753,8U
754,12I
755,11M
756,12G
757,3B
758,10C
759,5H
760,2L
761,4N
762,4G
763,10W
764,5M
765,11E
766,10M
767,11A
768,12U
769,11L
770,3O
771,12W
772,5G
773,5W
774,10F
775,3J
776,10Z
777,12E
778,7P
779,4K
780,8Q
781,2K
782,8Q
783,3E
784,7L
785,9A
786,7H
787,6N
788,3P
789,11N
790,6S
791,12I
792,4Q
793,8H
794,11S
795,4O
796,6A
797,4D
798,1S
799,12C
800,7A
801,4K
802,4V
803,9Q
804,10P
805,6H
806,10M
807,4I
808,4O
809,12R
810,7M
811,8O
812,12X
813,12B
814,1P
815,9F
816,9Q
817,2O
818,4G
819,8C
820,4S
821,7G
822,12D
823,9L
824,6B
825,5L
826,7Z
827,8I
828,7W
829,5A
830,3C
831,7A
832,7F
833,1B
834,2C
835,10S
836,6N
837,7T
838,8N
839,9W
840,9U
841,12Y
842,3G
843,7P
844,5H
845,3W
846,5J
847,6H
848,3L
849,11A
850,4D
851,4X
852,2L
853,9T
854,2D
855,6L
856,3D
857,2A
858,5L
859,6Q
860,11N
861,9H
862,3S
863,4D
864,2U
865,1Z
866,3Z
867,5S
868,7F
869,11O
870,9S
871,2S
872,4W
873,9A
874,1J
875,12R
876,5D
877,3B
878,4P
879,9E
880,4W
881,10I
882,8M
883,1B
884,8C
885,7N
886,12L
887,7J
888,6P
889,4W
890,9E
891,3U
892,3C
893,6O
894,5D
895,1V
896,3C
897,7E
898,10R
899,7U
900,8M
901,6W
902,4N
903,3C
904,3Z
905,7O
906,2Z
907,8N
908,12E
909,7J
910,6I
911,7H
912,12S
913,6S
914,3G
915,7J
916,6C
917,3F
918,2F
919,9J
920,10Y
921,11A
922,8Z
923,8L
924,5L
925,9E
926,9Q
927,8A
928,11J
929,7L
930,2E
931,8X
932,5Y
933,5K
934,1I
935,7T
936,12O
937,11D
938,10V
939,9J
940,11E
941,12R
942,11X
943,5R
944,2Z
945,5P
946,7U
947,5Q
948,8D
949,11J
950,5M
951,11V
952,5Z
953,5A
954,11C
955,11M
956,9Z
957,3Y
958,9Q
959,2B
960,8I
961,3F
962,9C
963,1P
964,9M
965,5M
966,10N
967,12S
968,9S
969,11O
970,8R
971,6G
972,1C
973,12S
974,4I
975,1Z
976,10G
977,8H
978,1J
979,4A
980,4C
981,5E
982,12I
983,5O
984,1W
985,9V
986,7A
987,1D
988,6J
989,12Y
990,4U
991,5A
992,6Q
993,7J
994,5T
995,10W
996,7R
997,5T
998,7A
999,1E
1000,4N
1001,9A
1002,8I
1003,12N
1004,6D
1005,12Q
1006,12J
1007,1F
1008,9L
1009,5J
1010,10Q
1011,3A
1012,10O
1013,9P
1014,6S
1015,5M
1016,3M
1017,7V
1018,10D
1019,5A
1020,3O
1021,12F
1022,5M
1023,9W
1024,5B
1025,4V
1026,9U
1027,3V
1028,11E
1029,8X
1030,6L
1031,8Q
1032,9Y
1033,1V
1034,10N
1035,1D
1036,8Y
1037,8R
1038,7V
1039,1Q
1040,9A
1041,10A
1042,6O
1043,12S
1044,3N
1045,7Z
1046,2C
1047,12Z
1048,3Q
1049,3Q
1050,10Y
1051,1K
1052,12U
1053,1L
1054,5W
1055,1Z
1056,12R
1057,7J
1058,9R
1059,4R
1060,9G
1061,10K
1062,5Y
1063,7T
1064,3N
1065,9N
1066,4R
1067,6A
1068,1Q
1069,5D
1070,2M
1071,2L
1072,3L
1073,12N
1074,9A
1075,4X
1076,12B
1077,7R
1078,12T
1079,5W
1080,10D
1081,1B
1082,1R
1083,8L
1084,4D
1085,9U
1086,3N
1087,3O
1088,3L
1089,1H
1090,7N
1091,7J
1092,11R
1093,6S
1094,12R
1095,9F
1096,10R
1097,5Z
1098,8K
1099,1J
1100,8A
1101,7L
1102,8L
1103,3F
1104,3C
1105,3H
1106,9Z
1107,2Y
1108,8Q
1109,8J
1110,10B
1111,8S
1112,10M
1113,9Z
1114,4L
1115,8A
1116,11C
1117,11I
1118,5X
1119,5F
1120,3J
1121,8O
1122,8M
1123,6Q
1124,3S
1125,5S
1126,2S
1127,1F
1128,7J
1129,10I
1130,7X
1131,3C
1132,4H
1133,8K
1134,3Z
1135,12L
1136,6Q
1137,1I
1138,7N
1139,11I
1140,6Z
1141,12N
1142,3U
1143,3Y
1144,8R
1145,6L
1146,5E
1147,6F
1148,2A
1149,8R
1150,3H
1151,7P
1152,3F
1153,12Y
1154,5Q
1155,3E
1156,1U
1157,5A
1158,12M
1159,6R
1160,12S
1161,4M
1162,3Q
1163,8Q
1164,4N
1165,5I
1166,2Q
1167,7J
1168,8C
1169,10H
1170,12G
1171,1L
1172,10R
1173,7W
1174,10A
1175,10R
1176,3B
1177,6F
1178,11V
1179,10P
1180,4K
1181,10F
1182,11N
1183,8W
1184,6N
1185,8Q
1186,2K
1187,4E
1188,12X
1189,10P
1190,4S
1191,2O
1192,8C
1193,7B
1194,9M
1195,1X
1196,8Y
1197,4I
1198,1B
1199,11G
1200,8N
1201,12K
1202,12W
1203,2C
1204,9I
1205,11B
1206,10U
1207,4N
1208,1V
1209,6R
1210,10X
1211,10F
1212,4G
1213,4W
1214,9N
1215,1N
1216,5A
1217,2Q
1218,12M
1219,1D
1220,1I
1221,1F
1222,8V
1223,8Z
1224,8J
1225,8G
1226,12P
1227,8E
1228,3F
1229,2M
1230,8M
1231,3V
1232,7N
1233,12U
1234,2D
1235,6M
1236,6B
1237,9Y
1238,11G
1239,11Q
1240,6G
1241,6Q
1242,10P
1243,7M
1244,12L
1245,8S
1246,8O
1247,8J
1248,1G
1249,1H
1250,7O
1251,5Y
1252,6X
1253,12M
1254,5F
1255,12N
1256,3H
1257,7A
1258,3W
1259,10G
1260,8T
1261,9N
1262,1P
1263,3A
1264,6N
1265,6E
1266,7E
1267,3W
1268,6D
1269,5T
1270,2O
1271,9I
1272,7M
1273,5G
1274,8A
1275,7L
1276,4K
1277,10W
1278,3Z
1279,2G
1280,5R
1281,12B
1282,11L
1283,9I
1284,1B
1285,8J
1286,3W
1287,3O
1288,6W
1289,7K
1290,11N
1291,2J
1292,12G
1293,4P
1294,4Z
1295,1S
1296,1E
1297,1G
1298,6V
1299,6B
1300,6M
1301,1B
1302,12T
1303,6B
1304,5O
1305,2H
1306,5O
1307,10K
1308,7Z
1309,8W
1310,9C
1311,1D
1312,4P
1313,11P
1314,1M
1315,11H
1316,10Q
1317,8F
1318,9R
1319,11G
1320,10D
1321,9J
1322,10W
1323,3I
1324,6Q
1325,8M
1326,1X
1327,12C
1328,1A
1329,9G
1330,5X
1331,9Z
1332,3T
1333,8T
1334,11P
1335,12B
1336,3E
1337,11H
1338,8L
1339,2V
1340,6R
1341,8Q
1342,12E
1343,6Z
1344,8C
1345,10B
1346,12Q
1347,5S
1348,12A
1349,5U
1350,8I
1351,1A
1352,9K
1353,1Y
1354,3J
1355,9H
1356,4D
1357,5P
1358,5O
1359,5U
1360,11Z
1361,5H
1362,9B
1363,1H
1364,4G
1365,10Y
1366,4U
1367,2D
1368,10C
1369,6P
1370,6Z
1371,4D
1372,7J
1373,6J
1374,5U
1375,8G
1376,8X
1377,11H
1378,11V
1379,5B
1380,7D
1381,11R
1382,7E
1383,11V
1384,7P
1385,10N
1386,12H
1387,10C
1388,3U
1389,11Q
1390,5G
1391,9A
1392,6Q
1393,3X
1394,2K
1395,4I
1396,2W
1397,3P
1398,10T
1399,9W
1400,5D
1401,4R
1402,8T
1403,7I
1404,5A
1405,3N
1406,9E
1407,12W
1408,7F
1409,5H
1410,12N
1411,10Z
1412,5F
1413,10U
1414,10N
1415,8G
1416,12S
1417,8Z
1418,3S
1419,7X
1420,8Y
1421,1P
1422,11K
1423,3X
1424,8V
1425,7R
1426,2F
1427,1U
1428,9G
1429,11B
1430,6J
1431,5C
1432,1O
1433,3B
1434,8S
1435,8F
1436,3G
1437,2P
1438,12N
1439,1A
1440,11S
1441,2D
1442,9Y
1443,4F
1444,4X
1445,7W
1446,1X
1447,7F
1448,9Q
1449,12T
1450,2W
1451,9D
1452,6H
1453,7D
1454,11N
1455,11I
1456,5U
1457,12P
1458,8C
1459,3S
1460,7M
1461,3P
1462,5B
1463,4K
1464,5S
1465,6Q
1466,11Q
1467,5E
1468,7S
1469,6X
1470,10Y
1471,3C
1472,7R
1473,9Q
1474,12D
1475,1Y
1476,11N
1477,2A
1478,12Y
1479,10I
1480,9F
1481,2N
1482,8K
1483,11O
1484,8D
1485,9C
1486,11M
1487,2B
1488,5O
1489,8C
1490,7N
1491,11A
1492,5O
1493,12N
1494,6I
1495,2A
1496,7B
1497,10G
1498,7X
1499,8Q
1500,11J
1501,11U
1502,10Y
1503,9I
1504,11M
1505,10B
1506,1T
1507,11M
1508,3J
1509,3O
1510,3I
1511,7P
1512,8W
1513,2O
1514,1B
1515,8G
1516,6Q
1517,6Y
1518,7D
1519,10O
1520,2W
1521,4C
1522,4B
1523,3C
1524,9F
1525,2Q
1526,6I
1527,11X
1528,6V
1529,4H
1530,10Z
1531,4K
1532,9A
1533,7Z
1534,11J
1535,12N
1536,1I
1537,4W
1538,4D
1539,11G
1540,5O
1541,1H
1542,6H
1543,4W
1544,7A
1545,6H
1546,4D
1547,7F
1548,3D
1549,9S
1550,12L
1551,11Q
1552,5W
1553,11M
1554,2C
1555,10G
1556,7M
1557,10V
1558,8I
1559,2U
1560,5Y
1561,8W
1562,5A
1563,9M
1564,11D
1565,11W
1566,1I
1567,9S
1568,3Q
1569,4R
1570,10D
1571,7P
1572,12Z
1573,9L
1574,7M
1575,10W
1576,3N
1577,11D
1578,7H
1579,3X
1580,12Y
1581,1Z
1582,4J
1583,9U
1584,1H
1585,2C
1586,4B
1587,7K
1588,1Y
1589,6D
1590,6X
1591,4C
1592,10Y
1593,8R
1594,8R
1595,1U
1596,9F
1597,8C
1598,2H
1599,11F
1600,1G
1601,5Y
1602,7L
1603,5B
1604,5D
1605,7R
1606,10O
1607,9F
1608,9V
1609,4P
1610,11F
1611,12Q
1612,11V
1613,5D
1614,6A
1615,2R
1616,3J
1617,5E
1618,7Z
1619,7F
1620,3Z
1621,10S
1622,8M
1623,11D
1624,1L
1625,5W
1626,9M
1627,12A
1628,6A
1629,11Q
1630,3X
1631,3K
1632,7N
1633,8H
1634,7V
1635,10H
1636,4D
1637,12Q
1638,2T
1639,12U
1640,1X
1641,12X
1642,5D
1643,11S
1644,2E
1645,3Y
1646,12C
1647,2V
1648,7O
1649,9G
1650,8H
1651,1V
1652,11D
1653,10L
1654,2D
1655,8X
1656,2O
1657,7B
1658,5U
1659,10V
1660,3K
1661,3B
1662,6X
1663,6X
1664,6H
1665,9W
1666,7U
1667,9D
1668,3S
1669,2G
1670,10C
1671,3I
1672,8G
1673,10D
1674,9F
1675,1X
1676,6Z
1677,2V
1678,12R
1679,7Q
1680,11Y
1681,11F
1682,5L
1683,1K
1684,5L
1685,11X
1686,1D
1687,2T
1688,6I
1689,3J
1690,4L
1691,10D
1692,7L
1693,1V
1694,3G
1695,1R
1696,10J
1697,7I
1698,8P
1699,10O
1700,3N
1701,7N
1702,12S
1703,7X
1704,3T
1705,11Y
1706,6Y
1707,1S
1708,12I
1709,8W
1710,1H
1711,2M
1712,9P
1713,3B
1714,10M
1715,8O
1716,10G
1717,7K
1718,1W
1719,3B
1720,4X
1721,7K
1722,4Q
1723,9E
1724,8Z
1725,5T
1726,6F
1727,6K
1728,4K
1729,5U
1730,7B
1731,12P
1732,6O
1733,12G
1734,8L
1735,7Z
1736,1B
1737,10T
1738,9R
1739,7D
1740,3G
1741,4R
1742,5C
1743,8J
1744,1B
1745,3N
1746,2I
1747,2E
1748,11J
1749,4F
1750,6U
1751,8O
1752,1D
1753,7A
1754,10V
1755,6N
1756,2P
1757,1X
1758,7P
1759,5M
1760,5C
1761,8K
1762,12T
1763,1X
1764,3J
1765,2H
1766,11X
1767,7X
1768,9Y
1769,11X
1770,8Y
1771,4Y
1772,4Z
1773,8T
1774,9M
1775,5M
1776,1M
1777,4X
1778,8H
1779,11V
1780,2V
1781,1B
1782,7C
1783,9B
1784,2L
1785,11H
1786,11V
1787,6L
1788,5N
1789,9L
1790,5V
1791,10E
1792,9O
1793,2T
1794,3O
1795,11E
1796,1Q
1797,9E
1798,5K
1799,1G
1800,12K
1801,10I
1802,8M
1803,12Y
1804,12Q
1805,10V
1806,5J
1807,4J
1808,10V
1809,4T
1810,3D
1811,2I
1812,2M
1813,11J
1814,11I
1815,9Q
1816,11M
1817,6U
1818,1C
1819,11X
1820,10U
1821,4M
1822,10H
1823,12K
1824,10V
1825,9G
1826,12R
1827,10N
1828,12Y
1829,12W
1830,9K
1831,9L
1832,5V
1833,3K
1834,3B
1835,7J
1836,9H
1837,1E
1838,6H
1839,7T
1840,8P
1841,9Z
1842,8E
1843,7C
1844,12T
1845,10O
1846,4Q
1847,11F
1848,10K
1849,12G
1850,12Z
1851,8T
1852,3O
1853,5B
1854,6V
1855,5M
1856,11X
1857,12Z
1858,2Z
1859,1O
1860,5M
1861,9V
1862,7Q
1863,6R
1864,4F
1865,8Y
1866,3J
1867,6T
1868,4C
1869,5A
1870,11S
1871,6N
1872,6H
1873,7W
1874,10D
1875,11F
1876,1L
1877,5Y
1878,8I
1879,1T
1880,5A
1881,7E
1882,8H
1883,3N
1884,7N
1885,2D
1886,1E
1887,7T
1888,3W
1889,10K
1890,2W
1891,11S
1892,4J
1893,10E
1894,7X
1895,8S
1896,8T
1897,12K
1898,4S
1899,10U
1900,11J
1901,5N
1902,3H
1903,3T
1904,5P
1905,6J
1906,4X
1907,10Q
1908,10N
1909,1A
1910,10P
1911,3A
1912,12X
1913,3N
1914,2S
1915,5R
1916,7I
1917,6R
1918,12V
1919,2N
1920,1J
1921,11O
1922,4K
1923,10A
1924,2H
1925,5V
1926,7B
1927,7I
1928,8V
1929,3N
1930,1S
1931,8M
1932,2Z
1933,7S
1934,12Y
1935,10K
1936,9O
1937,4K
1938,12B
1939,12J
1940,1Z
1941,3G
1942,2C
1943,5H
1944,1M
1945,5X
1946,5Q
1947,4U
1948,5Q
1949,11B
1950,7V
1951,2C
1952,6T
1953,10O
1954,10X
1955,3R
1956,6F
1957,5K
1958,7C
1959,9W
1960,11M
1961,11M
1962,12I
1963,6M
1964,4E
1965,7A
1966,2I
1967,10A
1968,2P
1969,9O
1970,8J
1971,11E
1972,8T
1973,11Z
1974,9W
1975,6X
1976,2C
1977,9J
1978,5A
1979,1I
1980,5P
1981,11U
1982,5I
1983,4M
1984,8W
1985,7B
1986,5B
1987,3T
1988,10F
1989,1J
1990,2Z
1991,11J
1992,1S
1993,5M
1994,3P
1995,12D
1996,12N
1997,4U
1998,5C
1999,10I
2000,10X